figure	series	run	group	partition	posterior_samples	mean	median	hpd_low	hpd_high	95% HPD
a-i  Human vs WTD (alpha PA)	Human	Fig1_HostRates	human	Spike	901	0.0008527572479791475	0.0008452337042918	0.0006534526662613	0.0010596168453497	6.535e-04 to 1.060e-03
a-i  Human vs WTD (alpha PA)	Human	Fig1_HostRates	human	ORF1a	901	0.0006951281507814056	0.0006924251412608	0.0005583692538614	0.0008203420236308	5.584e-04 to 8.203e-04
a-i  Human vs WTD (alpha PA)	Human	Fig1_HostRates	human	ORF1b	901	0.0004724514322791366	0.0004692679205197	0.0003599918894314	0.0005864773175342	3.600e-04 to 5.865e-04
a-i  Human vs WTD (alpha PA)	Human	Fig1_HostRates	human	N	901	0.0009491169553271732	0.0009312465096958	0.0006096427757766	0.0013640677620776	6.096e-04 to 1.364e-03
a-i  Human vs WTD (alpha PA)	WTD (alpha PA)	Fig1_HostRates	deer	Spike	901	0.0009276603376909162	0.000916916360406	0.0007383526940209	0.001174884880936	7.384e-04 to 1.175e-03
a-i  Human vs WTD (alpha PA)	WTD (alpha PA)	Fig1_HostRates	deer	ORF1a	901	0.0009635636899153836	0.0009595941725047	0.0007953040942908	0.0011253476411183	7.953e-04 to 1.125e-03
a-i  Human vs WTD (alpha PA)	WTD (alpha PA)	Fig1_HostRates	deer	ORF1b	901	0.0006109493970948742	0.000608146776142	0.0004673125762644	0.0007499196487711	4.673e-04 to 7.499e-04
a-i  Human vs WTD (alpha PA)	WTD (alpha PA)	Fig1_HostRates	deer	N	901	0.0009120576075664971	0.0008925303109268	0.0005242110454225	0.0013046019524147	5.242e-04 to 1.305e-03
a-ii  Human vs WTD subclusters	Human	Fig2_Hostrates	human	Spike	901	0.0008203366052002894	0.0008142062751622	0.0006085205028091	0.0010257041005544	6.085e-04 to 1.026e-03
a-ii  Human vs WTD subclusters	Human	Fig2_Hostrates	human	ORF1a	901	0.000671406187969558	0.0006677796277615	0.0005245789611933	0.0008027318290323	5.246e-04 to 8.027e-04
a-ii  Human vs WTD subclusters	Human	Fig2_Hostrates	human	ORF1b	901	0.00045203762189022635	0.0004506404242893	0.0003344261863045	0.0005660500904215	3.344e-04 to 5.661e-04
a-ii  Human vs WTD subclusters	Human	Fig2_Hostrates	human	N	901	0.0009297241349250194	0.0009077212508449	0.0005533469305204	0.0013095649388278	5.533e-04 to 1.310e-03
a-ii  Human vs WTD subclusters	C-1	Fig2_Hostrates	C-1	Spike	901	0.0008726699439392468	0.0008645241254628	0.0006578860787092	0.0011036995327796	6.579e-04 to 1.104e-03
a-ii  Human vs WTD subclusters	C-1	Fig2_Hostrates	C-1	ORF1a	901	0.0008333146977199103	0.0008272132671596	0.0006634796734726	0.001015906494846	6.635e-04 to 1.016e-03
a-ii  Human vs WTD subclusters	C-1	Fig2_Hostrates	C-1	ORF1b	901	0.0005930547351508549	0.0005865587910447	0.0004468843908525	0.0007926829225121	4.469e-04 to 7.927e-04
a-ii  Human vs WTD subclusters	C-1	Fig2_Hostrates	C-1	N	901	0.0008971711859467559	0.0008715933148831	0.0005022449941366	0.0013532071535417	5.022e-04 to 1.353e-03
a-ii  Human vs WTD subclusters	C-2	Fig2_Hostrates	C-2	Spike	901	0.0010276339040304675	0.0009879397018523	0.0005668657737516	0.0015427358643823	5.669e-04 to 1.543e-03
a-ii  Human vs WTD subclusters	C-2	Fig2_Hostrates	C-2	ORF1a	901	0.0011422078895064938	0.0011171535192022	0.0007797036476809	0.0015309346173246	7.797e-04 to 1.531e-03
a-ii  Human vs WTD subclusters	C-2	Fig2_Hostrates	C-2	ORF1b	901	0.0005231922263149528	0.000495622244651	0.0002623145126535	0.0008246830905813	2.623e-04 to 8.247e-04
a-ii  Human vs WTD subclusters	C-2	Fig2_Hostrates	C-2	N	901	0.0007316780416512534	0.0006672974656992	0.0001441728266054	0.0013851240081797	1.442e-04 to 1.385e-03
a-ii  Human vs WTD subclusters	C-3	Fig2_Hostrates	C-3	Spike	901	0.000976141943593918	0.0009476619983167	0.0005335581948289	0.0014891643697414	5.336e-04 to 1.489e-03
a-ii  Human vs WTD subclusters	C-3	Fig2_Hostrates	C-3	ORF1a	901	0.001460993736575471	0.0014053577452889	0.0009436627944966	0.0021202312837571	9.437e-04 to 2.120e-03
a-ii  Human vs WTD subclusters	C-3	Fig2_Hostrates	C-3	ORF1b	901	0.0006446966868503889	0.000611770910472	0.000322183660355	0.0010266901474395	3.222e-04 to 1.027e-03
a-ii  Human vs WTD subclusters	C-3	Fig2_Hostrates	C-3	N	901	0.0010724980847425555	0.0009986796602602	0.0003192743430627	0.0018886520710442	3.193e-04 to 1.889e-03
a-ii  Human vs WTD subclusters	C-5	Fig2_Hostrates	C-5	Spike	901	0.0010567971253282753	0.0010226383409027	0.0006560325324897	0.0015557946119518	6.560e-04 to 1.556e-03
a-ii  Human vs WTD subclusters	C-5	Fig2_Hostrates	C-5	ORF1a	901	0.0010865686662344031	0.0010610042907758	0.0007592427547015	0.0014693514137386	7.592e-04 to 1.469e-03
a-ii  Human vs WTD subclusters	C-5	Fig2_Hostrates	C-5	ORF1b	901	0.0005996363468417882	0.0005821225434931	0.000360474618666	0.0008440599089884	3.605e-04 to 8.441e-04
a-ii  Human vs WTD subclusters	C-5	Fig2_Hostrates	C-5	N	901	0.0009288332156132314	0.0008589098731592	0.0003379666561325	0.0016641368372349	3.380e-04 to 1.664e-03
a-iii  Human vs WTD alpha PA vs alpha non-PA	Human	Fig3_hostrates_PA_WTD	human	Spike	901	0.0008526769000823703	0.0008478769969868	0.0006564435058743	0.0010657608866341	6.564e-04 to 1.066e-03
a-iii  Human vs WTD alpha PA vs alpha non-PA	Human	Fig3_hostrates_PA_WTD	human	ORF1a	901	0.0006947681241736285	0.0006928871662183	0.00055003200877	0.0008194170979963	5.500e-04 to 8.194e-04
a-iii  Human vs WTD alpha PA vs alpha non-PA	Human	Fig3_hostrates_PA_WTD	human	ORF1b	901	0.00047020907937636087	0.0004661348509675	0.0003594139989331	0.0005901782100866	3.594e-04 to 5.902e-04
a-iii  Human vs WTD alpha PA vs alpha non-PA	Human	Fig3_hostrates_PA_WTD	human	N	901	0.0009408685559896312	0.0009208655233864	0.0005916708957406	0.0013239090670665	5.917e-04 to 1.324e-03
a-iii  Human vs WTD alpha PA vs alpha non-PA	WTD (alpha non-PA)	Fig3_hostrates_nonPA_WTD	nonPA_WTD	Spike	550	0.0009489587542180762	0.00094353300468035	0.0007493431408556	0.0011731062755407	7.493e-04 to 1.173e-03
a-iii  Human vs WTD alpha PA vs alpha non-PA	WTD (alpha non-PA)	Fig3_hostrates_nonPA_WTD	nonPA_WTD	ORF1a	550	0.0009318060864296324	0.0009308313963918	0.0007683391835001	0.0010768088171946	7.683e-04 to 1.077e-03
a-iii  Human vs WTD alpha PA vs alpha non-PA	WTD (alpha non-PA)	Fig3_hostrates_nonPA_WTD	nonPA_WTD	ORF1b	550	0.0007058887571866931	0.00070645492369255	0.0005772081475811	0.00084452879438	5.772e-04 to 8.445e-04
a-iii  Human vs WTD alpha PA vs alpha non-PA	WTD (alpha non-PA)	Fig3_hostrates_nonPA_WTD	nonPA_WTD	N	550	0.001238196865257887	0.0012286785125423501	0.0008780465733635	0.0016880426479613	8.780e-04 to 1.688e-03
a-iii  Human vs WTD alpha PA vs alpha non-PA	WTD (alpha PA)	Fig3_hostrates_PA_WTD	PA_WTD	Spike	901	0.0009276603376909162	0.000916916360406	0.0007383526940209	0.001174884880936	7.384e-04 to 1.175e-03
a-iii  Human vs WTD alpha PA vs alpha non-PA	WTD (alpha PA)	Fig3_hostrates_PA_WTD	PA_WTD	ORF1a	901	0.0009635636899153836	0.0009595941725047	0.0007953040942908	0.0011253476411183	7.953e-04 to 1.125e-03
a-iii  Human vs WTD alpha PA vs alpha non-PA	WTD (alpha PA)	Fig3_hostrates_PA_WTD	PA_WTD	ORF1b	901	0.0006109493970948742	0.000608146776142	0.0004673125762644	0.0007499196487711	4.673e-04 to 7.499e-04
a-iii  Human vs WTD alpha PA vs alpha non-PA	WTD (alpha PA)	Fig3_hostrates_PA_WTD	PA_WTD	N	901	0.0009120576075664971	0.0008925303109268	0.0005242110454225	0.0013046019524147	5.242e-04 to 1.305e-03
a-iv  Human vs WTD alpha Y1 and Y2 season	Human	Fig4_hostrates	human	Spike	9001	0.0008493728922184818	0.0008440236895031	0.00065661134134	0.001063876428894	6.566e-04 to 1.064e-03
a-iv  Human vs WTD alpha Y1 and Y2 season	Human	Fig4_hostrates	human	ORF1a	9001	0.0006962912371451382	0.0006940982381766	0.0005571158161532	0.000830620049472	5.571e-04 to 8.306e-04
a-iv  Human vs WTD alpha Y1 and Y2 season	Human	Fig4_hostrates	human	ORF1b	9001	0.0004748175794592076	0.0004709586629762	0.0003593640988522	0.0005944877358794	3.594e-04 to 5.945e-04
a-iv  Human vs WTD alpha Y1 and Y2 season	Human	Fig4_hostrates	human	N	9001	0.0009545286585828741	0.0009362323335128	0.0006099701131175	0.0013549699866474	6.100e-04 to 1.355e-03
a-iv  Human vs WTD alpha Y1 and Y2 season	WTD (alpha PA: 2021-2022)	Fig4_hostrates	Y1	Spike	9001	0.0011253160288126854	0.0010913813609824	0.0007170427271044	0.0016085888358583	7.170e-04 to 1.609e-03
a-iv  Human vs WTD alpha Y1 and Y2 season	WTD (alpha PA: 2021-2022)	Fig4_hostrates	Y1	ORF1a	9001	0.001704974218069011	0.0016772501775945	0.0012368939145379	0.002200384532097	1.237e-03 to 2.200e-03
a-iv  Human vs WTD alpha Y1 and Y2 season	WTD (alpha PA: 2021-2022)	Fig4_hostrates	Y1	ORF1b	9001	0.0008936666611649203	0.0008744171705646	0.0005510499668989	0.0012610172923984	5.510e-04 to 1.261e-03
a-iv  Human vs WTD alpha Y1 and Y2 season	WTD (alpha PA: 2021-2022)	Fig4_hostrates	Y1	N	9001	0.0010004867830744463	0.0009370631181254	0.000342698965388	0.0017207345591011	3.427e-04 to 1.721e-03
a-iv  Human vs WTD alpha Y1 and Y2 season	WTD (alpha PA: 2022-2023)	Fig4_hostrates	Y2	Spike	9001	0.0009085392390075753	0.0009013677577736	0.000696235893177	0.0011489416991809	6.962e-04 to 1.149e-03
a-iv  Human vs WTD alpha Y1 and Y2 season	WTD (alpha PA: 2022-2023)	Fig4_hostrates	Y2	ORF1a	9001	0.0008780587094636655	0.0008733973116771	0.000719005742618	0.0010645279793656	7.190e-04 to 1.065e-03
a-iv  Human vs WTD alpha Y1 and Y2 season	WTD (alpha PA: 2022-2023)	Fig4_hostrates	Y2	ORF1b	9001	0.0005874593632685518	0.0005795946853266	0.0004425366870656	0.0007577391524037	4.425e-04 to 7.577e-04
a-iv  Human vs WTD alpha Y1 and Y2 season	WTD (alpha PA: 2022-2023)	Fig4_hostrates	Y2	N	9001	0.0009107182784473172	0.0008894171158802	0.0005257094367221	0.0013279668706347	5.257e-04 to 1.328e-03
