Sample,Substitutions,Substitution_Count
hCoV-19/deer/USA/PA-22-000890-017/2021|EPI_ISL_16297230|2021-12-02,,0
hCoV-19/deer/USA/PA-22-000890-014/2021|EPI_ISL_16297229|2021-12-06,"E743D, P769S, P1520S, S2134P, T2174I, S2255F, F2273S, T2952I, F3338L, A3497V, L3576I, T3579I, L3606F, L3829F",14
hCoV-19/deer/USA/PA-22-000890-030/2021|EPI_ISL_16297232|2021-12-06,"E743D, P1520S, S2134P, T2174I, S2255F, F2273S, T2952I, F3338L, A3497V, L3576I, T3579I, L3606F, N3725S, L3829F",14
hCoV-19/deer/USA/PA-21-038768-002/2021|EPI_ISL_9347719|2021-11-28,"P1520S, H1610R, P1640L, S2134P, F2273S, T3032I, S3099L, F3338L, T3453I, L3576I, L3606F, H3633Y, L3829F",13
hCoV-19/deer/USA/PA-VSP3516/2021|EPI_ISL_9651200|2021-10-22,"I238V, L730F, P1520S, S1924R, T2093I, S2134P, F2273S, H2357Y, L3116F, F3338L, L3576I, T3749I, T3772I, L4111F",14
hCoV-19/deer/USA/PA-VSP3574/2021|EPI_ISL_9654444|2021-11-27,"E743D, P769S, P1520S, S2134P, T2174I, S2255F, F2273S, T2952I, F3338L, A3497V, L3576I, T3579I, L3606F, L3829F",14
hCoV-19/white-tailed_deer/USA/PA-23-015645-001/2022|EPI_ISL_17851798|2022-10-24,"K714T, K1180R, R1464W, P1520S, S2134P, F2273S, H2357Y, N2428S, S2500F, L3116F, A3143V, S3149F, T3150I, F3338L, L3576I, L3606F, M3616V, L3800F, L3829F",19
hCoV-19/deer/USA/PA-VSP30426/2022|EPI_ISL_19259471|2022-11-10,"I547M, T1168I, K1180R, P1520S, S2134P, S2242F, F2273S, H2357Y, N2428S, S2500F, P2929L, S3149F, T3150I, L3201F, F3338L, L3576I, L3606F, M3616V, L3800F, L3829F, L4111F, T4175I",22
hCoV-19/deer/USA/PA-VSP30136/2022|EPI_ISL_19259475|2022-12-28,"K714T, K1180R, R1464W, P1520S, T2124I, S2134P, F2273S, H2357Y, N2428S, S2500F, F2782L, L3201F, F3338L, L3576I, L3606F, M3616V, L3800F, L3829F, T4175I",19
hCoV-19/deer/USA/PA-VSP30422/2022|EPI_ISL_19259486|2022-11-09,"K714T, K1180R, R1464W, P1520S, S2134P, F2273S, N2428S, S2500F, L3201F, F3338L, L3576I, L3800F, L3829F",13
hCoV-19/deer/USA/PA-VSP30434/2022|EPI_ISL_19259487|2022-11-14,"T882I, K1180R, R1464W, P1520S, S2134P, F2273S, N2428S, S2500F, F2782L, F3338L, L3576I, L3606F, M3616V, L3800F, L3829F",15
hCoV-19/deer/USA/PA-VSP30427/2022|EPI_ISL_19259495|2022-11-10,"K714T, K1180R, R1464W, P1520S, S2134P, F2273S, H2357Y, N2428S, S2500F, F2782L, L3116F, S3149F, T3150I, L3201F, F3338L, L3576I, L3606F, M3616V, L3800F, L3829F",20
hCoV-19/deer/USA/PA-VSP30419/2022|EPI_ISL_19259500|2022-11-16,"I547M, T1168I, K1180R, P1520S, S2134P, S2255F, F2273S, H2357Y, N2428S, S2500F, P2929L, S3099L, L3116F, S3149F, T3150I, F3338L, L3576I, L3606F, M3616V, L3800F, L3829F, L4111F, T4175I",23
22-006202-044_PA_Adams_2021-11-29,"G514E, P1520S, S2134P, T2264I, F2273S, N2428S, R3069I, H3076Y, L3083F, S3149F, F3338L, S3547G, L3576I, L3829F",14
hCoV-19/deer/USA/PA-VSP30417/2022|EPI_ISL_19259499|2022-11-07,"I547M, T1168I, K1180R, P1520S, S2134P, S2255F, F2273S, H2357Y, N2428S, S2500F, P2929L, S3099L, L3116F, S3149F, T3150I, F3338L, L3576I, L3606F, M3616V, L3800F, L3829F, L4111F, T4175I",23
hCoV-19/deer/USA/PA-VSP30432/2022|EPI_ISL_19259501|2022-11-12,"K714T, K1180R, R1464W, P1520S, S2134P, F2273S, H2357Y, N2428S, S2500F, F2782L, L3116F, S3149F, T3150I, L3201F, F3338L, L3576I, L3606F, M3616V, L3800F, L3829F",20
23-031606-009_PA_Potter_2022-10-24,"K714T, K1180R, R1464W, P1520S, S2134P, F2273S, H2357Y, N2428S, S2500F, F2782L, L3116F, A3143V, S3149F, T3150I, F3338L, L3576I, L3606F, M3616V, L3800F, L3829F",20
23-031606-013_PA_Cumberland_2022-10-24,"K714T, K1180R, R1464W, P1520S, S2134P, F2273S, H2357Y, N2428S, S2500F, F2782L, L3116F, A3143V, S3149F, T3150I, F3338L, L3576I, L3606F, M3616V, L3800F, L3829F",20
23-031606-010_PA_York_2022-10-24,"K714T, K1180R, R1464W, P1520S, S2134P, F2273S, H2357Y, N2428S, S2500F, F2782L, A3143V, S3149F, T3150I, F3338L, L3576I, L3606F, M3616V, L3800F, L3829F",19
23-031606-014_PA_Perry_2022-10-24,"K714T, K1180R, R1464W, P1520S, S2134P, F2273S, H2357Y, N2428S, S2500F, F2782L, A3143V, S3149F, T3150I, F3338L, L3576I, L3606F, M3616V, L3800F, L3829F",19
23-031606-011_PA_Cumberland_2022-10-24,"K714T, K1180R, R1464W, P1520S, S2134P, F2273S, H2357Y, N2428S, S2500F, F2782L, F3338L, L3576I, L3606F, M3616V, L3800F, L3829F",16
23-031606-015_PA_Dauphin_2022-10-24,"K714T, K1180R, R1464W, P1520S, S2134P, F2273S, H2357Y, N2428S, S2500F, F2782L, F3338L, L3576I, L3606F, M3616V, L3800F, L3829F",16
23-031606-018_PA_Dauphin_2022-10-24,"K714T, K1180R, R1464W, P1520S, S2134P, F2273S, H2357Y, N2428S, F2782L, L3116F, A3143V, S3149F, T3150I, F3338L, P3515S, L3576I, L3606F, M3616V, L3800F, L3829F",20
23-031606-012_PA_Cumberland_2022-10-24,"V121F, K714T, K1180R, R1464W, P1520S, S2134P, F2273S, H2357Y, N2428S, F2782L, F3338L, N3443I, L3576I, L3606F, M3616V, L3800F, L3829F",17
23-031606-020_PA_Dauphin_2022-10-24,"K714T, K1180R, R1464W, P1520S, S2134P, F2273S, H2357Y, N2428S, S2500F, L3116F, A3143V, S3149F, T3150I, F3338L, L3576I, L3606F, M3616V, L3800F, L3829F",19
23-031606-022_PA_Perry_2022-10-24,"K714T, K1180R, R1464W, P1520S, S2134P, F2273S, H2357Y, N2428S, S2500F, F2782L, L3116F, A3143V, S3149F, T3150I, F3338L, L3576I, L3606F, M3616V, L3800F, L3829F",20
23-031606-007_PA_Cumberland_2022-10-24,"K714T, K1180R, R1464W, P1520S, S2134P, F2273S, H2357Y, N2428S, F2782L, F3338L, L3576I, L3606F, M3616V, L3800F, L3829F",15
23-031606-023_PA_York_2022-10-24,"K714T, K1180R, R1464W, P1520S, S2134P, F2273S, H2357Y, N2428S, S2500F, F2782L, A3143V, S3149F, T3150I, F3338L, L3576I, L3606F, M3616V, L3800F, L3829F",19
23-031606-019_PA_Perry_2022-10-24,"K714T, K1180R, R1464W, P1520S, F2273S, H2357Y, N2428S, F2782L, A3143V, S3149F, T3150I, F3338L, L3576I, L3606F, M3616V, L3800F, L3829F",17
23-031606-024_PA_Cumberland_2022-11-27,"K714T, K1180R, R1464W, P1520S, S2134P, F2273S, H2357Y, N2428S, S2500F, F2782L, L3116F, S3149F, T3150I, F3338L, L3576I, L3606F, M3616V, L3800F, L3829F, T4175I",20
23-031606-028_PA_Cumberland_2022-11-27,"K714T, K1180R, R1464W, P1520S, S2134P, F2273S, H2357Y, N2428S, S2500F, F2782L, L3116F, S3149F, T3150I, F3338L, L3576I, L3606F, M3616V, L3800F, L3829F",19
23-031606-039_PA_Perry_2022-11-27,"K714T, K1180R, R1464W, P1520S, S2103F, S2134P, T2186A, F2273S, H2357Y, N2428S, S2500F, F2782L, S3149F, T3150I, F3338L, L3576I, L3606F, M3616V, L3800F, L3829F",20
23-031606-025_PA_Dauphin_2022-11-27,"K714T, K1180R, R1464W, P1520S, S2134P, F2273S, H2357Y, N2428S, S2500F, F2782L, S3149F, T3150I, F3338L, L3576I, L3606F, M3616V, L3800F, L3829F, T4175I",19
23-031606-040_PA_Perry_2022-11-27,"K714T, K1180R, R1464W, P1520S, S2103F, S2134P, T2186A, F2273S, H2357Y, N2428S, S2500F, F2782L, L3116F, S3121F, S3149F, T3150I, F3338L, L3576I, L3606F, M3616V, L3800F, L3829F",22
23-031606-045_PA_Perry_2022-11-27,"K714T, K1180R, R1464W, P1520S, S2134P, S2242F, F2273S, H2357Y, N2428S, S2500F, F2782L, H2799Y, L3116F, S3149F, T3150I, F3338L, L3576I, L3606F, M3616V, T3775I, L3800F, L3829F, T4175I",23
23-031606-046_PA_Perry_2022-11-27,"K714T, K1180R, R1464W, P1520S, S2134P, S2242F, F2273S, H2357Y, N2428S, S2500F, H2799Y, L3116F, S3149F, T3150I, F3338L, L3576I, L3606F, M3616V, T3775I, L3800F, L3829F, T4175I",22
23-031606-048_PA_Cumberland_2022-11-27,"K714T, K1180R, R1464W, P1520S, S2134P, S2242F, F2273S, H2357Y, N2428S, S2500F, F2782L, H2799Y, L3116F, S3149F, T3150I, F3338L, L3576I, L3606F, M3616V, T3775I, L3800F, L3829F, T4175I",23
23-031606-047_PA_York_2022-11-27,"K714T, K1180R, R1464W, P1520S, S2134P, S2242F, F2273S, H2357Y, N2428S, S2500F, F2782L, H2799Y, L3116F, S3149F, T3150I, F3338L, L3576I, L3606F, M3616V, T3775I, L3800F, L3829F, T4175I",23
23-031606-021_PA_Dauphin_2022-10-24,"K714T, K1180R, R1464W, P1520S, S2134P, F2273S, H2357Y, N2428S, S2500F, F2782L, L3116F, S3149F, T3150I, F3338L, L3576I, L3606F, M3616V, L3800F, L3829F",19
23-031606-050_PA_Perry_2022-11-27,"E489K, K1180R, S2242F, F2273S, H2357Y, N2428S, F2782L, H2799Y, F3338L, L3606F, M3616V, T3775I, L3800F, L3829F, T4175I",15
23-031606-054_PA_Perry_2022-11-27,"K714T, K1180R, R1464W, P1520S, S2134P, F2273S, H2357Y, N2428S, S2500F, A2690V, F2782L, L3116F, S3149F, T3150I, F3338L, L3576I, L3606F, M3616V, L3800F, L3829F",20
23-031606-057_PA_Perry_2022-10-24,"K714T, K1180R, R1464W, P1520S, S2134P, F2273S, H2357Y, N2428S, F2782L, L3116F, V3136L, A3143V, S3149F, T3150I, F3338L, L3576I, L3606F, M3616V, L3800F, L3829F",20
23-031606-049_PA_Dauphin_2022-11-27,"K714T, K1180R, R1464W, P1520S, S2134P, S2242F, F2273S, H2357Y, N2428S, S3149F, T3150I, L3606F, M3616V, T4175I",14
23-031606-103_PA_Warren_2022-11-28,"Q607H, S944L, A1420V, P1520S, T1788M, S2134P, I2138T, F2273S, F3338L, L3576I, L3606F, L3829F",12
23-031606-044_PA_Perry_2022-11-27,"K714T, K1180R, R1464W, P1520S, S2134P, H2357Y, N2428S, H2799Y, T4175I",9
23-031606-105_PA_Warren_2022-11-28,"Q607H, S944L, A1283V, A1420V, P1520S, T1788M, S2134P, S2224F, S2242F, F2273S, D2980N, H3125Y, P3134S, S3149F, A3209S, F3338L, L3576I, L3606F, L3829F",19
23-031606-106_PA_Warren_2022-11-28,"Q607H, S944L, A1283V, A1420V, P1520S, T1788M, S2134P, S2224F, S2242F, F2273S, D2980N, H3125Y, P3134S, S3149F, A3209S, F3338L, L3576I, L3606F, L3829F",19
23-031606-051_PA_Union_2022-11-27,"G105C, K714T, K798N, K1180R, R1464W, P1520S, S2134P, S2242F, F2273S, S2500F, F2782L, H2799Y, F3338L, L3576I, M3616V, A3620S, T3775I, L3800F, L3829F",19
23-031606-129_PA_Mercer_2022-11-28,"R184C, S212L, Q607H, T708I, E913D, T1022I, L1249F, A1420V, P1520S, I1525V, T1881I, I1990V, S2134P, S2224F, S2255F, N2428S, D2980G, F3338L, L3576I, L3606F, L3829F",21
23-031606-128_PA_Mercer_2022-11-28,"R184C, S212L, Q607H, T708I, E913D, T1022I, L1249F, A1420V, P1520S, I1525V, T1881I, I1990V, S2134P, S2224F, S2255F, N2428S, D2980G, F3338L, L3576I, L3606F, L3829F",21
23-031606-131_PA_Crawford_2022-11-28,"S212L, E938G, T1022I, L1249F, A1420V, S2224F, S2255F, N2428S, V2914D, F3338L, L3576I, L3606F, L3829F, T4031I",14
hCoV-19/deer/USA/PA-VSP30027/2023|EPI_ISL_19259474|2023-01-02,"Q607H, A668V, S944L, H1160Y, A1420V, P1520S, A1923V, K2017R, S2103F, S2134P, F2273S, T2274I, L3027F, S3149F, S3244L, F3338L, L3576I, L3606F, T3646I, T3772I, L3829F, T4083M, T4175I",23
hCoV-19/deer/USA/PA-VSP30232/2023|EPI_ISL_19259498|2023-01-03,"I547M, T1168I, K1180R, P1520S, S2134P, G2241V, S2242F, F2273S, H2357Y, N2428S, S2500F, P2929L, S3099L, L3116F, S3149F, T3150I, F3338L, L3576I, L3606F, M3616V, L3800F, L3829F, L4111F, T4175I",24
23-031606-138_PA_Lancaster_2023-02-15,"Q607H, A668V, S944L, H1160Y, A1420V, P1520S, A1923V, K2017R, S2103F, S2134P, F2273S, T2274I, L3027F, S3149F, S3244L, F3338L, L3576I, L3606F, T3646I, T3772I, L3829F, T4083M, T4175I",23
23-031606-137_PA_Lancaster_2023-03-15,"R184C, S212L, Q607H, T708I, E913D, T1022I, L1249F, A1420V, P1520S, I1525V, T1881I, I1990V, S2134P, S2224F, S2255F, N2428S, D2980G, F3338L, L3576I, L3606F, L3829F",21
23-031606-104_PA_Warren_2022-11-28,"T708I, A1420V, F3338L, L3576I, L3606F, L3829F",6
23-031606-008_PA_Dauphin_2022-10-24,"K714T, K1180R, S2134P, S2500F",4
